City_ID,City,Country,Lat,Lng,Max Temp,Humidity,Cloudiness,Wind Speed,Current Description
0,Severo-Kurilsk,RU,50.6789,156.125,52.45,82,66,12.33,broken clouds
1,Polunochnoye,RU,60.8697,60.4153,27.37,97,99,4.32,overcast clouds
2,Norman Wells,CA,65.282,-126.8329,35.64,69,75,5.75,broken clouds
3,Tuktoyaktuk,CA,69.4541,-133.0374,33.8,86,75,13.8,light rain
4,Ponta Do Sol,PT,32.6667,-17.1,70.43,70,27,3.36,scattered clouds
5,Karratha,AU,-20.7377,116.8463,75.45,34,0,11.34,clear sky
6,Rikitea,PF,-23.1203,-134.9692,73.78,72,2,19.42,clear sky
7,Garowe,SO,8.4054,48.4845,78.08,57,9,16.75,clear sky
8,Nanortalik,GL,60.1432,-45.2371,37.08,80,7,1.92,clear sky
9,Ushuaia,AR,-54.8,-68.3,40.66,60,0,8.05,clear sky
10,San Ignacio,BZ,17.1561,-89.0714,75.34,94,0,4.61,clear sky
11,Bambanglipuro,ID,-7.95,110.2833,80.74,72,67,13.85,broken clouds
12,Paamiut,GL,61.994,-49.6678,33.91,69,7,3.22,clear sky
13,Yellowknife,CA,62.456,-114.3525,45.41,72,40,8.05,scattered clouds
14,Beringovskiy,RU,63.05,179.3167,36.95,85,92,1.81,overcast clouds
15,Saskylakh,RU,71.9167,114.0833,34.95,99,100,11.88,overcast clouds
16,Pisco,PE,-13.7,-76.2167,60.85,82,0,13.8,clear sky
17,Bluff,NZ,-46.6,168.3333,51.8,53,7,5.35,clear sky
18,Saint-Joseph,RE,-21.3667,55.6167,68.36,84,45,15.17,light rain
19,Novikovo,RU,51.1537,37.8879,47.77,83,100,15.05,overcast clouds
20,Sao Miguel Do Araguaia,BR,-13.275,-50.1628,83.55,41,67,3.53,broken clouds
21,Punta Arenas,CL,-53.15,-70.9167,41.11,75,0,10.36,clear sky
22,Santa Maria,BR,-29.6842,-53.8069,61.9,100,0,3.44,clear sky
23,Kapaa,US,22.0752,-159.319,81.19,72,19,4.0,light rain
24,Hithadhoo,MV,-0.6,73.0833,82.2,74,100,17.56,overcast clouds
25,Wajir,KE,1.7471,40.0573,74.7,65,0,14.85,clear sky
26,Thompson,CA,55.7435,-97.8558,59.16,63,40,0.0,scattered clouds
27,Busselton,AU,-33.65,115.3333,60.04,80,48,13.8,scattered clouds
28,Atuona,PF,-9.8,-139.0333,78.12,72,6,17.22,clear sky
29,Kodiak,US,57.79,-152.4072,47.53,55,0,11.1,clear sky
30,Yulara,AU,-25.2406,130.9889,80.44,12,100,14.97,overcast clouds
31,Huarmey,PE,-10.0681,-78.1522,63.32,86,33,5.86,scattered clouds
32,Bredasdorp,ZA,-34.5322,20.0403,58.32,88,39,5.75,scattered clouds
33,Karmala,IN,18.4167,75.2,73.4,90,99,9.75,overcast clouds
34,Half Moon Bay,US,37.4636,-122.4286,71.92,75,90,9.22,overcast clouds
35,Pringsewu,ID,-5.3582,104.9744,80.56,80,90,0.87,overcast clouds
36,Kamenka,RU,51.3223,42.7678,48.2,91,100,15.28,light rain
37,Zhangye,CN,38.9342,100.4517,65.84,33,93,3.65,overcast clouds
38,Hervey Bay,AU,-25.2986,152.8535,72.01,63,88,20.85,overcast clouds
39,Bengkulu,ID,-3.8004,102.2655,78.04,84,67,4.5,broken clouds
40,Pontianak,ID,-0.0333,109.3333,75.18,100,40,4.61,light rain
41,Caravelas,BR,-17.7125,-39.2481,73.0,77,100,8.16,overcast clouds
42,Ribeira Grande,PT,38.5167,-28.7,68.2,73,78,23.11,broken clouds
43,Hilo,US,19.7297,-155.09,88.29,84,90,12.66,moderate rain
44,Morant Bay,JM,17.8815,-76.4093,85.62,82,3,7.96,clear sky
45,New Norfolk,AU,-42.7826,147.0587,55.92,46,40,4.09,scattered clouds
46,Port Blair,IN,11.6667,92.75,77.04,94,40,2.3,mist
47,Vaini,TO,-21.2,-175.2,77.16,73,75,6.91,broken clouds
48,Coihaique,CL,-45.5752,-72.0662,40.95,81,75,6.91,light intensity shower rain
49,Viedma,AR,-40.8135,-62.9967,43.59,42,13,7.67,few clouds
50,Richards Bay,ZA,-28.783,32.0377,63.39,92,12,5.7,few clouds
51,Salalah,OM,17.0151,54.0924,79.97,87,8,3.02,clear sky
52,Lower Hutt,NZ,-41.2167,174.9167,53.02,81,90,23.02,moderate rain
53,Katobu,ID,-4.9408,122.5276,83.41,63,84,5.99,broken clouds
54,Tarrafal,CV,15.2833,-23.7667,79.59,82,34,10.0,scattered clouds
55,Kudahuvadhoo,MV,2.6708,72.8944,81.19,72,100,19.39,moderate rain
56,Zhetysay,KZ,40.7333,68.3,59.14,57,0,5.66,clear sky
57,Krasnoselkup,RU,65.7,82.4667,33.31,90,66,8.16,broken clouds
58,Lokosovo,RU,61.1333,74.8167,30.24,92,0,6.17,clear sky
59,Labuhan,ID,-6.8844,112.2051,80.82,74,19,4.97,few clouds
60,Hobart,AU,-42.8794,147.3294,56.26,51,20,5.99,few clouds
61,Arraial Do Cabo,BR,-22.9661,-42.0278,71.26,85,60,22.21,broken clouds
62,College,US,64.8569,-147.8028,35.01,76,99,1.39,overcast clouds
63,Avarua,CK,-21.2078,-159.775,78.85,69,40,3.44,scattered clouds
64,Clyde River,CA,70.4692,-68.5914,25.97,87,26,7.87,scattered clouds
65,Kushmurun,KZ,52.4503,64.6311,46.2,35,100,22.75,overcast clouds
66,Durango,MX,24.8333,-104.8333,65.19,68,100,7.58,overcast clouds
67,Cape Town,ZA,-33.9258,18.4232,60.28,76,0,1.99,clear sky
68,Ridgecrest,US,35.6225,-117.6709,90.68,21,0,8.01,clear sky
69,Tuatapere,NZ,-46.1333,167.6833,51.82,44,5,2.19,clear sky
70,Bara,NG,10.3744,10.7288,72.59,87,98,7.18,overcast clouds
71,Jamestown,US,42.097,-79.2353,61.34,79,77,1.01,broken clouds
72,Puerto Ayora,EC,-0.7393,-90.3518,69.28,90,99,8.37,overcast clouds
73,Nuuk,GL,64.1835,-51.7216,29.88,68,0,5.01,clear sky
74,Cherskiy,RU,68.75,161.3,29.57,97,100,23.22,snow
75,Ghatal,IN,22.6667,87.7167,79.09,91,56,4.74,broken clouds
76,Pevek,RU,69.7008,170.3133,31.51,89,100,24.25,light snow
77,Hamilton,US,39.1834,-84.5333,66.58,64,15,5.73,few clouds
78,Butaritari,KI,3.0707,172.7902,83.97,72,99,15.88,overcast clouds
79,Bambous Virieux,MU,-20.3428,57.7575,70.05,88,75,19.57,light rain
80,Tomatlan,MX,19.9333,-105.25,77.63,88,100,1.63,overcast clouds
81,Mataura,NZ,-46.1927,168.8643,51.48,35,6,2.44,clear sky
82,Victoria,HK,22.2855,114.1577,87.24,77,39,3.0,scattered clouds
83,Carbondale,US,37.7273,-89.2168,73.83,72,1,3.44,clear sky
84,Qaanaaq,GL,77.484,-69.3632,19.06,59,63,8.12,broken clouds
85,Bayangol,RU,50.6977,103.4656,34.5,73,100,1.12,overcast clouds
86,Mount Gambier,AU,-37.8333,140.7667,58.91,55,91,9.22,overcast clouds
87,Darnah,LY,32.767,22.6367,74.57,68,0,18.12,clear sky
88,Cansancao,BR,-10.6672,-39.4992,72.27,76,59,10.74,broken clouds
89,Sorland,NO,67.667,12.6934,53.46,86,99,14.52,overcast clouds
90,Lagos,NG,6.5833,3.75,80.92,92,55,2.33,broken clouds
91,Hermanus,ZA,-34.4187,19.2345,58.89,90,73,6.13,broken clouds
92,Shache,CN,38.4167,77.2406,63.05,25,0,5.95,clear sky
93,Beloha,MG,-25.1667,45.05,69.17,67,0,7.85,clear sky
94,Andra,RU,62.5147,65.8878,29.16,90,18,4.99,few clouds
95,Lompoc,US,34.6391,-120.4579,67.14,80,90,4.0,overcast clouds
96,Albany,US,42.6001,-73.9662,56.59,83,1,5.03,clear sky
97,Longyearbyen,SJ,78.2186,15.6401,37.24,87,75,16.11,light rain
98,Te Anau,NZ,-45.4167,167.7167,48.63,41,0,1.59,clear sky
99,Waipawa,NZ,-41.4122,175.5153,47.44,89,100,9.75,light rain
100,Trairi,BR,-3.2778,-39.2689,79.07,84,79,12.55,broken clouds
101,Malaut,IN,30.2167,74.4833,78.26,73,0,5.28,clear sky
102,Kieta,PG,-6.2167,155.6333,85.69,65,64,4.12,light rain
103,Hami,CN,42.8,93.45,64.63,22,0,2.75,clear sky
104,Iqaluit,CA,63.7506,-68.5145,35.33,87,90,15.99,overcast clouds
105,Honiara,SB,-9.4333,159.95,83.73,77,100,6.51,overcast clouds
106,Chuy,UY,-33.6971,-53.4616,57.4,94,11,5.59,few clouds
107,Lorengau,PG,-2.0226,147.2712,83.19,76,99,8.99,overcast clouds
108,Neyshabur,IR,36.2133,58.7958,62.15,49,0,4.29,clear sky
109,Nago,JP,26.5881,127.9761,86.07,76,86,12.12,overcast clouds
110,Katsuura,JP,35.1333,140.3,77.18,64,28,19.73,scattered clouds
111,Upernavik,GL,72.7868,-56.1549,23.77,64,0,3.83,clear sky
112,Santa Cruz Del Sur,CU,20.7147,-77.9956,81.5,78,27,9.57,light rain
113,Plouzane,FR,48.3833,-4.6167,64.72,91,90,24.16,overcast clouds
114,Morehead,US,37.2711,-87.1764,66.83,82,1,0.0,clear sky
115,Celestun,MX,20.8667,-90.4,82.22,78,56,12.01,broken clouds
116,Nome,US,64.5011,-165.4064,39.16,75,28,13.56,scattered clouds
117,Mar Del Plata,AR,-38.0023,-57.5575,54.09,65,90,5.01,overcast clouds
118,Flinders,AU,-34.5833,150.8552,65.17,65,82,1.99,broken clouds
119,Beyneu,KZ,45.3167,55.2,58.69,63,100,18.99,overcast clouds
120,Maniitsoq,GL,65.4167,-52.9,32.16,52,0,5.91,clear sky
121,Gillette,US,44.2911,-105.5022,81.25,18,4,6.4,clear sky
122,Ostrovnoy,RU,68.0531,39.5131,43.39,91,99,15.77,overcast clouds
123,Bekhtery,UA,46.251,32.2927,52.0,67,6,9.04,clear sky
124,Dingle,PH,10.9995,122.6711,83.32,81,95,6.98,overcast clouds
125,Ilulissat,GL,69.2167,-51.1,7.29,80,1,5.21,clear sky
126,San Patricio,US,28.017,-97.5169,80.02,61,100,11.12,overcast clouds
127,Auki,SB,-8.7676,160.7034,83.7,71,88,2.68,overcast clouds
128,Torbay,CA,47.6666,-52.7314,53.89,92,75,11.5,broken clouds
129,Hun,LY,29.1268,15.9477,69.6,61,4,6.64,clear sky
130,Porgera,PG,-5.4667,143.2,54.12,82,96,2.44,overcast clouds
131,Masindi,UG,1.6744,31.715,61.59,98,21,2.46,light rain
132,Alta Floresta,BR,-9.8756,-56.0861,71.67,88,15,3.29,few clouds
133,Amambai,BR,-23.1042,-55.2258,77.81,42,0,6.31,clear sky
134,Sabha,LY,27.0377,14.4283,71.42,30,0,8.88,clear sky
135,Seydi,TM,39.4816,62.9137,57.4,67,0,10.0,clear sky
136,Nuevo Progreso,MX,23.1667,-97.95,83.59,62,12,4.85,few clouds
137,Sinnamary,GF,5.3833,-52.95,80.56,82,14,11.45,few clouds
138,Georgetown,MY,5.4112,100.3354,79.9,94,20,1.99,light rain
139,Ancud,CL,-41.8697,-73.8203,42.33,81,89,5.46,overcast clouds
140,Olafsvik,IS,64.8945,-23.7142,39.49,72,100,35.46,overcast clouds
141,Ormara,PK,25.2088,64.6357,81.63,78,43,7.67,scattered clouds
142,Rajgarh,IN,28.6333,75.3833,79.61,78,0,7.49,clear sky
143,Choix,MX,26.7092,-108.3219,84.7,56,0,1.79,clear sky
144,Yerbogachen,RU,61.2767,108.0108,32.49,94,100,13.6,snow
145,Nieves,PH,15.3274,120.9485,84.13,75,15,0.69,few clouds
146,Baijiantan,CN,45.6333,85.1833,54.0,27,7,7.94,clear sky
147,Biak,ID,-0.9131,122.8766,80.98,69,100,5.86,overcast clouds
148,Lensk,RU,60.7253,114.9278,34.25,99,100,6.2,moderate rain
149,Oistins,BB,13.0667,-59.5333,80.69,89,40,12.66,scattered clouds
150,Kaitangata,NZ,-46.2817,169.8464,52.93,32,4,5.1,clear sky
151,Sao Filipe,CV,14.8961,-24.4956,78.58,80,87,5.23,overcast clouds
152,San Felipe,VE,10.3399,-68.7425,75.25,82,65,2.55,broken clouds
153,Tasiilaq,GL,65.6145,-37.6368,24.75,68,15,5.28,few clouds
154,Locri,IT,38.2414,16.2623,77.56,47,32,6.02,scattered clouds
155,Laguna,US,38.421,-121.4238,87.22,50,1,7.0,clear sky
156,Sehithwa,BW,-20.4667,22.7167,67.51,21,0,4.61,clear sky
157,Los Llanos De Aridane,ES,28.6585,-17.9182,69.55,69,20,8.05,few clouds
158,Mubi,NG,10.2676,13.2644,74.07,73,99,4.83,overcast clouds
159,Esperance,AU,-33.8667,121.9,58.84,88,81,12.15,broken clouds
160,Berlevag,NO,70.8578,29.0864,48.36,85,100,14.85,overcast clouds
161,Balaipungut,ID,1.05,101.2833,75.61,96,96,2.01,moderate rain
162,Saint George,US,37.1041,-113.5841,90.07,23,78,1.01,broken clouds
163,Kitui,KE,-1.367,38.0106,59.74,90,8,6.08,clear sky
164,Mocuba,MZ,-16.8392,36.9856,68.67,88,5,3.06,clear sky
165,Sao Joao Dos Patos,BR,-6.495,-43.7022,86.99,28,100,4.23,overcast clouds
166,Krasnokamensk,RU,50.0979,118.0369,44.28,61,1,17.25,clear sky
167,Codrington,AU,-38.2667,141.9667,61.14,58,11,12.01,few clouds
168,Fort Collins,US,40.5853,-105.0844,80.92,28,99,4.94,overcast clouds
169,Port Elizabeth,ZA,-33.918,25.5701,62.89,94,20,11.5,few clouds
170,Vila Velha,BR,-20.3297,-40.2925,73.35,78,75,8.05,broken clouds
171,Faanui,PF,-16.4833,-151.75,79.97,69,3,12.28,clear sky
172,Strezhevoy,RU,60.7333,77.5889,28.38,93,0,6.53,clear sky
173,Gornyak,RU,50.9942,81.4661,27.46,81,10,8.79,clear sky
174,Port Alfred,ZA,-33.5906,26.891,64.33,91,25,19.57,scattered clouds
175,Port Hawkesbury,CA,45.6169,-61.3485,68.59,99,90,7.0,mist
176,Kununurra,AU,-15.7667,128.7333,89.58,40,43,11.5,scattered clouds
177,Peleduy,RU,59.6289,112.7406,36.14,98,100,1.52,light rain
178,Lahij,YE,13.1667,44.5833,86.74,46,11,3.62,few clouds
179,Antofagasta,CL,-23.65,-70.4,56.48,81,38,1.43,scattered clouds
180,Rio Gallegos,AR,-51.6226,-69.2181,44.65,53,40,9.22,scattered clouds
181,Skibbereen,IE,51.55,-9.2667,51.6,75,100,8.86,overcast clouds
182,Saint-Philippe,RE,-21.3585,55.7679,69.35,87,91,16.73,light rain
183,Anito,PH,12.4497,125.2886,84.92,69,100,4.7,overcast clouds
184,Pozo Colorado,PY,-23.4923,-58.7972,83.68,30,2,5.35,clear sky
185,Kasese,UG,0.1833,30.0833,65.07,92,86,3.04,light rain
186,Airai,TL,-8.9266,125.4092,76.01,33,99,2.59,overcast clouds
187,Cabedelo,BR,-6.9811,-34.8339,75.87,84,37,17.72,scattered clouds
188,Sistranda,NO,63.7256,8.834,58.96,87,92,6.85,overcast clouds
189,Lebu,CL,-37.6167,-73.65,48.7,73,5,20.54,clear sky
190,Tessalit,ML,20.1986,1.0114,86.59,15,0,8.84,clear sky
191,Rudnogorsk,RU,57.2639,103.7519,33.71,89,100,3.87,overcast clouds
192,Kendari,ID,-3.945,122.4989,82.96,68,100,2.37,overcast clouds
193,Puri,IN,19.8,85.85,79.32,85,100,13.31,overcast clouds
194,Lasa,IT,46.6166,10.7002,58.03,95,78,4.29,broken clouds
195,Port-Gentil,GA,-0.7193,8.7815,77.61,82,100,9.98,overcast clouds
196,Cidreira,BR,-30.1811,-50.2056,64.8,95,2,9.01,clear sky
197,Ambulu,ID,-8.345,113.6058,80.6,69,98,5.32,overcast clouds
198,Kenai,US,60.5544,-151.2583,48.02,69,4,4.23,clear sky
199,Camapua,BR,-19.5314,-54.0439,78.46,48,33,3.62,light rain
200,Jiuquan,CN,39.7432,98.5174,65.73,21,100,4.63,overcast clouds
201,Khatanga,RU,71.9667,102.5,28.85,91,91,9.35,overcast clouds
202,Marsh Harbour,BS,26.5412,-77.0636,80.08,61,0,12.17,clear sky
203,Yar-Sale,RU,66.8333,70.8333,31.93,86,3,7.0,clear sky
204,Leningradskiy,RU,69.3833,178.4167,29.14,77,100,7.11,overcast clouds
205,Hasaki,JP,35.7333,140.8333,75.29,62,54,17.65,broken clouds
206,Tiksi,RU,71.6872,128.8694,33.62,96,100,7.02,light rain
207,Atar,MR,20.5169,-13.0499,93.81,15,6,4.29,clear sky
208,Labinsk,RU,44.6342,40.7356,55.74,82,100,11.34,light rain
209,Maningrida,AU,-12.0667,134.2667,86.94,54,10,8.03,clear sky
210,Hovd,MN,48.0056,91.6419,38.41,38,4,5.23,clear sky
211,La Ronge,CA,55.1001,-105.2842,61.05,59,90,3.44,overcast clouds
212,Totness,SR,5.8833,-56.3167,79.56,87,4,11.65,clear sky
213,Kuala Terengganu,MY,5.3302,103.1408,76.95,94,20,2.3,few clouds
214,Dalbandin,PK,28.8947,64.4101,78.46,11,9,1.01,clear sky
215,Boaco,NI,12.4722,-85.6586,85.84,90,100,5.44,overcast clouds
216,Sorsk,RU,54.0033,90.2467,27.75,80,100,3.71,overcast clouds
217,Sabla,NG,12.7525,4.7077,80.58,57,66,7.92,broken clouds
218,Utinga,BR,-5.8172,-35.3954,77.4,94,40,6.91,scattered clouds
219,Pitimbu,BR,-7.4706,-34.8086,75.79,85,31,17.85,scattered clouds
220,Kharitonovo,RU,61.4009,47.4978,42.84,95,100,7.43,overcast clouds
221,Bethel,US,41.3712,-73.414,63.81,81,2,4.52,clear sky
222,Kondinskoye,RU,59.6481,67.41,29.66,91,12,8.16,few clouds
223,Jijiga,ET,9.35,42.8,64.04,70,15,5.48,few clouds
224,Owando,CG,-0.4819,15.8999,70.03,96,97,0.4,moderate rain
225,Shahrud,IR,36.4182,54.9763,52.92,62,0,6.62,clear sky
226,Sitka,US,57.0531,-135.33,51.12,71,100,6.4,overcast clouds
227,Fort-Shevchenko,KZ,44.5086,50.263,65.21,69,100,27.22,overcast clouds
228,La Carolina,ES,38.2756,-3.6153,68.72,45,100,1.97,overcast clouds
229,Kibre Mengist,ET,5.8833,38.9833,55.58,95,46,1.99,scattered clouds
230,Barrow,US,71.2906,-156.7887,22.64,84,94,6.6,overcast clouds
231,Uthal,PK,25.8072,66.6219,83.26,69,22,0.65,few clouds
232,Planeta Rica,CO,8.4147,-75.5883,79.61,85,100,8.84,overcast clouds
233,Malakal,SS,9.5334,31.6605,69.42,92,75,2.95,broken clouds
234,Manturovo,RU,58.3353,44.7619,46.04,92,100,8.5,overcast clouds
235,East London,ZA,-33.0153,27.9116,66.0,82,79,17.56,broken clouds
236,Faya,SA,18.3851,42.4509,63.12,24,4,3.62,clear sky
237,Phan Thiet,VN,10.9333,108.1,80.89,80,34,5.53,scattered clouds
238,Kholodnyy,RU,62.7167,147.95,35.29,66,99,1.9,overcast clouds
239,Oleksandrivka,UA,48.9634,32.2349,47.75,78,3,7.05,clear sky
240,Havre-Saint-Pierre,CA,50.2334,-63.5986,57.56,94,90,13.8,mist
241,Qasigiannguit,GL,68.8193,-51.1922,8.69,78,0,4.23,clear sky
242,Lata,PT,40.1629,-8.3327,64.04,97,100,1.25,overcast clouds
243,Rocha,UY,-34.4833,-54.3333,54.61,94,7,3.76,clear sky
244,Port Lincoln,AU,-34.7333,135.8667,65.7,47,100,15.73,overcast clouds
245,Husavik,IS,66.0449,-17.3389,33.71,98,100,29.48,heavy snow
246,Quesnel,CA,52.9999,-122.5029,68.5,45,75,11.5,broken clouds
247,Cabo San Lucas,MX,22.8909,-109.9124,89.62,73,5,1.99,clear sky
248,Acarau,BR,-2.8856,-40.12,79.07,83,15,18.59,few clouds
249,Urucui,BR,-7.2294,-44.5561,88.41,28,50,8.43,scattered clouds
250,Alofi,NU,-19.0595,-169.9187,80.49,61,100,8.05,overcast clouds
251,Mayo,US,38.8876,-76.5119,67.08,76,0,1.01,clear sky
252,Taltal,CL,-25.4,-70.4833,62.26,72,0,5.79,clear sky
253,Gizo,SB,-8.103,156.8419,84.06,68,94,2.86,overcast clouds
254,Bandarbeyla,SO,9.4942,50.8122,79.07,74,7,17.11,clear sky
255,Rafaela,AR,-31.2503,-61.4867,71.06,40,0,3.0,clear sky
256,Mahebourg,MU,-20.4081,57.7,70.09,88,75,19.57,light rain
257,Saint-Georges,GD,12.0564,-61.7485,80.28,83,20,0.0,few clouds
258,Kloulklubed,PW,7.0419,134.2556,86.5,75,58,10.11,broken clouds
259,Sinjar,IQ,36.3209,41.8754,70.47,17,6,6.02,clear sky
260,Algiers,DZ,36.7525,3.042,69.62,88,40,4.61,scattered clouds
261,Gol,NO,60.7014,8.9457,55.78,94,88,4.52,overcast clouds
262,Komsomolskiy,UZ,40.4272,71.7189,72.32,18,0,6.91,clear sky
263,Skegness,GB,53.1436,0.3363,60.58,91,87,16.22,overcast clouds
264,Waingapu,ID,-9.6567,120.2641,83.71,59,100,6.98,overcast clouds
265,Cacoal,BR,-11.4386,-61.4472,78.55,68,26,2.3,scattered clouds
266,Kyabram,AU,-36.3167,145.05,60.87,44,60,11.88,broken clouds
267,Cap Malheureux,MU,-19.9842,57.6142,70.29,90,58,13.0,light rain
268,Abbotsford,CA,49.058,-122.2526,57.65,97,90,1.01,moderate rain
269,Muros,ES,42.7762,-9.0603,67.23,82,100,18.61,overcast clouds
270,Ketchikan,US,55.3422,-131.6461,50.18,94,100,6.42,moderate rain
271,Buckeye,US,33.3703,-112.5838,73.02,82,100,0.0,haze
272,Karambakkudi,IN,10.4667,79.1333,79.2,79,100,4.56,overcast clouds
273,Talnakh,RU,69.4865,88.3972,33.87,49,100,7.52,overcast clouds
274,Bloomfield,US,40.8068,-74.1854,68.67,65,1,1.01,clear sky
275,Stonewall,CA,50.1344,-97.3268,60.48,54,100,7.16,overcast clouds
276,Grindavik,IS,63.8424,-22.4338,40.95,81,90,27.63,overcast clouds
277,Zanesville,US,39.9404,-82.0132,65.34,68,66,6.91,broken clouds
278,Lagoa Vermelha,BR,-28.2086,-51.5258,56.7,76,0,3.85,clear sky
279,Maku,IR,39.2911,44.4521,52.34,42,0,1.45,clear sky
280,Bulancak,TR,40.9372,38.2291,61.84,74,0,3.29,clear sky
281,Erie,US,42.7667,-78.6664,62.19,79,68,1.99,broken clouds
282,Maues,BR,-3.3836,-57.7186,76.37,84,61,1.03,heavy intensity rain
283,Sawakin,SD,19.1059,37.3321,85.12,53,28,3.11,scattered clouds
284,Vila Franca Do Campo,PT,37.7167,-25.4333,70.2,92,100,7.27,overcast clouds
285,Sur,OM,22.5667,59.5289,82.53,67,7,10.09,clear sky
286,Nizwa,OM,22.9333,57.5333,81.27,59,54,0.45,broken clouds
287,Constitucion,CL,-35.3333,-72.4167,49.96,79,22,10.74,few clouds
288,Evensk,RU,61.95,159.2333,43.74,49,9,4.03,clear sky
289,Courtenay,CA,49.6866,-124.9936,57.02,90,90,20.71,overcast clouds
290,Kahului,US,20.8947,-156.47,85.26,89,33,8.99,scattered clouds
291,Kavieng,PG,-2.5744,150.7967,83.86,72,39,8.99,scattered clouds
292,Tuni,IN,17.35,82.55,76.69,93,100,14.16,light rain
293,Camopi,GF,3.1655,-52.3158,74.7,84,100,3.33,overcast clouds
294,Kichera,RU,55.9375,110.0997,36.99,82,100,1.92,overcast clouds
295,Castro,BR,-24.7911,-50.0119,63.05,73,2,4.27,clear sky
296,Riyadh,SA,24.6877,46.7219,78.94,30,93,8.12,overcast clouds
297,Goderich,CA,43.7501,-81.7165,61.12,63,100,5.75,overcast clouds
298,Orchard Homes,US,46.8633,-114.0484,72.28,33,5,5.28,clear sky
299,Puerto Cabezas,NI,14.0351,-83.3888,79.43,89,98,8.21,overcast clouds
300,Aviles,ES,43.5547,-5.9248,66.72,89,90,1.01,overcast clouds
301,Chitral,PK,35.8462,71.7858,66.88,72,0,1.12,clear sky
302,Puerto Del Rosario,ES,28.5004,-13.8627,73.15,88,7,16.11,clear sky
303,Gravelbourg,CA,49.8834,-106.5512,77.27,33,15,8.63,few clouds
304,Constantine,DZ,36.365,6.6147,71.01,88,0,3.44,clear sky
305,Caibarien,CU,22.5206,-79.4669,81.61,76,13,9.17,few clouds
306,Santa Isabel,BR,-23.3156,-46.2214,72.66,81,87,1.72,overcast clouds
307,Porto Novo,BJ,6.4965,2.6036,78.62,88,100,3.51,overcast clouds
308,Najran,SA,17.4924,44.1277,75.85,22,0,4.32,clear sky
309,Namibe,AO,-15.1961,12.1522,61.93,90,33,3.22,scattered clouds
310,Pangnirtung,CA,66.1451,-65.7125,32.14,77,18,2.46,few clouds
311,Bhigvan,IN,18.3167,74.7667,74.08,88,100,10.67,overcast clouds
312,Kabwe,ZM,-14.4469,28.4464,69.3,37,10,7.14,clear sky
313,Margate,GB,51.3813,1.3862,62.31,98,67,12.08,broken clouds
314,Tambun,ID,-6.2641,107.0712,88.47,83,44,3.44,haze
315,Nara,JP,34.6851,135.8049,75.49,48,45,7.52,scattered clouds
316,Quatre Cocos,MU,-20.2078,57.7625,69.91,82,61,21.16,light rain
317,Price,US,39.5994,-110.8107,75.42,26,98,4.63,overcast clouds
318,Mugur-Aksy,RU,50.35,90.5,20.48,58,10,6.58,clear sky
319,Grand Gaube,MU,-20.0064,57.6608,70.2,90,52,11.99,light rain
320,Tarragona,ES,41.129,1.249,70.05,73,98,3.44,overcast clouds
321,Chokurdakh,RU,70.6333,147.9167,27.14,88,100,19.39,light snow
322,Roma,US,43.2128,-75.4557,61.84,76,33,1.01,scattered clouds
323,Velyka Bilozerka,UA,47.2776,34.7062,51.04,73,2,7.36,clear sky
324,Colares,PT,38.7992,-9.4469,65.39,77,100,1.01,overcast clouds
325,Svetlogorsk,BY,52.6333,29.7333,41.31,95,0,6.38,clear sky
326,Zangakatun,AM,39.8212,45.0406,42.19,41,0,3.76,clear sky
327,Asau,RO,46.4333,26.4,56.32,89,1,2.01,light rain
328,Uyuni,BO,-20.4597,-66.825,50.41,11,0,5.41,clear sky
329,Pomabamba,PE,-8.8333,-77.4667,54.23,67,53,7.56,broken clouds
330,Iguape,BR,-24.7081,-47.5553,67.12,92,1,1.83,clear sky
331,Kavaratti,IN,10.5669,72.642,81.25,79,100,24.38,moderate rain
332,Bichena,ET,10.45,38.2,48.81,82,0,3.56,clear sky
333,Aksu,CN,41.1231,80.2644,62.13,29,0,0.43,clear sky
334,Caledon East,CA,43.8691,-79.8669,60.85,67,95,7.65,overcast clouds
335,Kapuskasing,CA,49.4169,-82.4331,48.24,92,84,5.03,broken clouds
336,Bereda,ES,43.2686,-7.5406,64.0,86,100,9.44,overcast clouds
337,Brownsville,US,25.9018,-97.4975,82.51,74,12,5.99,few clouds
338,Haines Junction,CA,60.7522,-137.5108,37.35,81,100,5.75,light rain
339,Thoen,TH,17.6129,99.2161,78.57,99,100,1.23,overcast clouds
340,Bertoua,CM,4.5833,13.6833,66.38,99,100,2.73,light rain
341,Amalapuram,IN,16.5833,82.0167,77.38,97,100,6.69,moderate rain
342,Gasa,PS,31.5,34.4667,76.98,65,0,7.94,clear sky
343,Saldanha,ZA,-33.0117,17.9442,57.83,89,1,11.99,clear sky
344,Dikson,RU,73.5069,80.5464,35.6,86,100,23.26,overcast clouds
345,Coquimbo,CL,-29.9533,-71.3436,57.15,82,0,5.06,clear sky
346,Nikolskoye,RU,59.7035,30.7861,48.09,98,39,4.34,scattered clouds
347,Lyuban,BY,52.7985,28.0048,41.81,93,0,6.44,clear sky
348,Karoi,ZW,-16.8099,29.6925,70.84,38,99,9.91,overcast clouds
349,Taian,CN,36.1853,117.12,67.05,95,100,5.97,overcast clouds
350,Geraldton,AU,-28.7667,114.6,66.61,55,40,13.8,scattered clouds
351,Gold Coast,AU,-28.0,153.4333,70.9,72,93,4.0,light rain
352,Sibolga,ID,1.7427,98.7792,75.92,93,100,1.01,light rain
353,Antalaha,MG,-14.9003,50.2788,69.96,90,89,9.1,light rain
354,Broken Hill,AU,-31.95,141.4333,66.69,20,7,9.64,clear sky
355,Provideniya,RU,64.3833,-173.3,41.11,56,20,6.71,few clouds
356,Kilindoni,TZ,-7.9139,39.6668,75.31,79,5,8.55,clear sky
357,Yendi,GH,9.4427,-0.0099,72.86,93,100,4.5,overcast clouds
358,Mokolo,CM,10.7398,13.8019,72.39,71,97,2.73,overcast clouds
359,Atambua,ID,-9.1061,124.8925,84.51,45,77,1.99,broken clouds
360,Ipixuna,BR,-1.7625,-48.8043,76.95,82,7,6.26,clear sky
361,Dalnerechensk,RU,45.9339,133.7225,63.1,79,100,4.7,overcast clouds
362,Rauma,FI,61.1272,21.5113,39.24,78,32,7.54,scattered clouds
363,Yueyang,CN,29.3333,113.0919,75.67,83,79,10.16,broken clouds
364,Kimberley,ZA,-28.7323,24.7623,67.32,9,0,7.72,clear sky
365,Pryazha,RU,61.6926,33.6216,41.09,98,72,3.78,broken clouds
366,Pundaguitan,PH,6.3711,126.1689,83.12,75,86,5.44,overcast clouds
367,Tacoaleche,MX,22.8167,-102.4167,69.75,62,75,7.18,broken clouds
368,Nouakchott,MR,18.0858,-15.9785,76.93,81,98,9.89,overcast clouds
369,Fortuna,US,40.5982,-124.1573,68.94,66,1,4.0,clear sky
370,Ler,SS,8.3018,30.1418,70.41,93,100,0.92,overcast clouds
371,Xining,CN,36.6167,101.7667,52.61,71,100,2.39,overcast clouds
372,Tuapse,RU,44.1125,39.0742,60.39,84,100,11.65,light rain
373,Dzhebariki-Khaya,RU,62.2167,135.8,40.32,75,100,2.98,overcast clouds
374,Kruisfontein,ZA,-34.0033,24.7314,54.88,95,5,6.78,clear sky
375,Vao,NC,-22.6667,167.4833,68.36,63,19,4.74,few clouds
376,Pauini,BR,-7.7136,-66.9764,80.35,68,97,4.16,overcast clouds
377,Nantucket,US,41.2835,-70.0995,66.96,62,0,23.82,clear sky
378,Hofn,IS,64.2539,-15.2082,42.22,60,86,10.54,overcast clouds
379,Krutinka,RU,56.0055,71.5113,32.29,90,16,13.85,few clouds
380,Yaan,NG,7.3833,8.5667,70.75,97,74,4.79,broken clouds
381,San Policarpo,PH,12.1791,125.5072,84.13,69,100,3.76,overcast clouds
382,Sainte-Maxime,FR,43.3,6.6333,67.95,77,10,3.22,clear sky
383,Denpasar,ID,-8.65,115.2167,80.26,83,20,14.97,few clouds
384,Hendersonville,US,36.3048,-86.62,69.58,83,0,3.96,clear sky
385,Kochi,IN,9.9399,76.2602,73.38,88,70,6.04,broken clouds
386,Shingu,JP,33.7333,135.9833,71.19,85,99,9.8,overcast clouds
387,Pingzhuang,CN,42.0372,119.2889,64.6,73,0,0.56,clear sky
388,Dhangadhi,NP,28.7079,80.5961,76.37,77,6,2.93,clear sky
389,Aleksandrovskoye,RU,44.7142,43.0008,57.34,83,100,18.9,overcast clouds
390,Souillac,MU,-20.5167,57.5167,68.36,83,93,20.0,light rain
391,Uglovskoye,RU,51.3557,80.1942,27.45,84,16,7.65,few clouds
392,Avera,US,33.194,-82.5271,69.71,55,0,1.97,clear sky
393,Ati,TD,13.2154,18.3353,81.09,59,100,9.33,overcast clouds
394,Kaeo,NZ,-35.1,173.7833,53.56,84,100,4.14,light rain
395,Malumfashi,NG,11.7853,7.6218,73.31,57,13,7.27,few clouds
396,Klaksvik,FO,62.2266,-6.589,50.92,82,84,17.63,broken clouds
397,Acapulco,MX,16.8634,-99.8901,81.21,80,90,4.38,overcast clouds
398,Palamos,ES,41.8484,3.1291,70.32,89,89,5.46,overcast clouds
399,Bloemfontein,ZA,-29.1211,26.214,60.28,48,2,5.75,clear sky
400,Jiaojiang,CN,28.6803,121.4428,82.0,75,20,2.64,few clouds
401,Ust-Nera,RU,64.5667,143.2,36.81,68,30,4.43,scattered clouds
402,Kolobrzeg,PL,54.1757,15.5834,58.96,100,47,11.23,scattered clouds
403,Ginir,ET,7.1333,40.7,60.98,67,89,4.54,overcast clouds
404,Bubaque,GW,11.2833,-15.8333,83.43,78,100,10.69,overcast clouds
405,Peniche,PT,39.3558,-9.3811,65.68,92,100,6.29,overcast clouds
406,Yongan,CN,39.6957,113.6871,62.46,62,100,2.55,overcast clouds
407,Abnub,EG,27.2696,31.1511,73.51,42,5,7.94,clear sky
408,Sira,IN,13.7453,76.9092,70.59,85,100,10.49,light rain
409,Adrar,MR,20.5022,-10.0711,91.76,12,0,9.4,clear sky
410,Narrabri,AU,-30.3167,149.7833,70.86,41,4,8.05,clear sky
411,Kisesa,TZ,-3.0833,34.15,69.44,58,73,0.72,broken clouds
412,Takoradi,GH,4.8845,-1.7554,74.19,93,100,5.86,light rain
413,Gigmoto,PH,13.7796,124.39,85.17,73,100,3.04,overcast clouds
414,Luderitz,NA,-26.6481,15.1594,57.16,95,52,15.75,broken clouds
415,Ust-Tarka,RU,55.5672,75.705,35.17,85,100,9.55,overcast clouds
416,Puerto Maldonado,PE,-12.6,-69.1833,81.0,78,0,0.0,clear sky
417,Along,IN,28.1667,94.7667,72.7,95,61,0.96,broken clouds
418,Monte Alegre De Minas,BR,-18.8706,-48.8808,71.64,66,98,7.11,overcast clouds
419,Wawa,NG,9.9022,4.4192,74.77,86,31,5.19,scattered clouds
420,Sao Felix Do Xingu,BR,-6.6447,-51.995,80.22,58,98,1.12,overcast clouds
421,Marabba,SD,12.35,32.1833,74.84,69,47,4.29,scattered clouds
422,Ban Nahin,LA,18.2418,104.2122,79.03,79,9,1.48,clear sky
423,Shimoda,JP,34.6667,138.95,70.11,67,12,19.77,few clouds
424,Jining,CN,35.405,116.5814,68.36,91,97,12.64,overcast clouds
425,Bedi,IN,22.5,70.05,80.26,85,100,7.29,overcast clouds
426,Dawson Creek,CA,55.7666,-120.2362,49.96,72,60,1.72,broken clouds
427,Sao Gabriel Da Cachoeira,BR,-0.1303,-67.0892,72.07,98,68,0.89,broken clouds
428,Bud,US,39.447,-86.1758,68.34,68,95,8.84,overcast clouds
429,Savelugu,GH,9.6244,-0.8253,74.73,89,100,6.08,overcast clouds
430,Zhanaozen,KZ,43.3,52.8,56.37,75,7,13.09,clear sky
431,Canon City,US,38.441,-105.2424,83.1,14,1,5.75,clear sky
432,Port Hardy,CA,50.6996,-127.4199,55.74,86,100,24.65,light rain
433,Sidi Ali,DZ,36.0998,0.4206,69.57,71,13,2.04,few clouds
434,Bilma,NE,18.6853,12.9164,82.54,17,0,9.01,clear sky
435,Chardara,KZ,41.2547,67.9692,60.93,51,0,11.7,clear sky
436,Oussouye,SN,12.485,-16.5469,80.83,87,100,5.46,overcast clouds
437,Kurumkan,RU,54.3,110.3,39.54,76,100,3.06,overcast clouds
438,Aykhal,RU,66.0,111.5,28.89,89,100,16.91,overcast clouds
439,La Asuncion,VE,11.0333,-63.8628,83.93,79,38,8.05,scattered clouds
440,Chapais,CA,49.7834,-74.8492,49.78,91,82,4.7,broken clouds
441,Panguna,PG,-6.3164,155.4848,81.95,63,84,2.21,light rain
442,Muroto,JP,33.2833,134.15,73.92,83,98,20.54,overcast clouds
443,Isangel,VU,-19.55,169.2667,75.83,61,74,8.16,broken clouds
444,Hambantota,LK,6.1241,81.1185,77.34,94,20,8.05,few clouds
445,Valparaiso,CL,-33.0393,-71.6273,58.64,72,0,4.61,clear sky
446,Oparino,RU,59.8518,48.2783,42.49,95,100,9.17,overcast clouds
447,Chirongui,YT,-12.9319,45.1483,76.93,72,5,8.61,clear sky
448,Juneau,US,58.3019,-134.4197,55.85,79,100,5.14,overcast clouds
449,Monmouth,US,40.3001,-74.1663,68.83,66,3,10.18,clear sky
450,Iquitos,PE,-3.7481,-73.2472,79.36,67,84,2.15,broken clouds
451,Narok,KE,-1.0783,35.8601,58.39,84,85,3.36,overcast clouds
452,Barranca,PE,-10.75,-77.7667,61.39,85,56,5.26,broken clouds
453,Changping,CN,40.2186,116.2197,69.44,93,18,3.87,few clouds
454,Sire,NG,12.9299,5.2043,80.29,56,14,8.52,few clouds
455,Portland,US,45.5234,-122.6762,74.61,48,40,5.99,scattered clouds
456,Liku,ID,-0.7275,119.8922,82.11,75,100,3.67,overcast clouds
457,Lagoa,PT,39.05,-27.9833,66.7,67,46,20.69,scattered clouds
458,Katherine,AU,-14.4667,132.2667,88.12,51,40,9.22,scattered clouds
459,Qiongshan,CN,20.0058,110.3542,81.12,84,10,3.4,clear sky
460,Grande Prairie,CA,55.1667,-118.8027,59.95,61,79,2.68,broken clouds
461,Naze,JP,28.3667,129.4833,79.59,76,17,16.04,few clouds
462,Zyryanka,RU,65.75,150.85,36.7,92,100,11.25,light rain
463,Dongsheng,CN,39.8161,109.9776,60.71,38,100,10.67,overcast clouds
464,Jiangyou,CN,31.7667,104.7167,67.51,86,100,0.51,overcast clouds
465,At-Bashi,KG,41.1702,75.8106,47.61,30,0,1.88,clear sky
466,Nishihara,JP,26.1842,127.7558,85.28,74,20,11.5,few clouds
467,Serov,RU,59.6033,60.5787,33.06,84,100,7.83,overcast clouds
468,Belyy Yar,RU,53.6039,91.3903,33.69,75,40,4.47,scattered clouds
469,Belaya Gora,RU,68.5333,146.4167,30.63,74,100,15.88,overcast clouds
470,Congonhas,BR,-20.4997,-43.8578,63.57,87,100,3.38,overcast clouds
471,Carnarvon,AU,-24.8667,113.6333,64.47,68,75,10.36,broken clouds
472,Menongue,AO,-14.6585,17.691,61.79,26,1,4.83,clear sky
473,Kodar,IN,16.9833,79.9667,76.41,93,100,10.65,heavy intensity rain
474,Nijar,ES,36.9665,-2.206,65.66,88,0,5.75,clear sky
475,Comodoro Rivadavia,AR,-45.8667,-67.5,44.46,49,0,9.22,clear sky
476,Kumluca,TR,36.3703,30.2869,74.52,45,8,3.67,clear sky
477,Umm Lajj,SA,25.0213,37.2685,83.39,47,5,12.1,clear sky
478,Nefteyugansk,RU,61.0998,72.6035,30.45,87,4,8.46,clear sky
479,Raudeberg,NO,61.9875,5.1352,59.67,85,100,8.41,overcast clouds
480,Siniscola,IT,40.5719,9.6922,69.35,74,100,3.02,overcast clouds
481,Alugan,PH,12.2188,125.4808,84.4,68,100,3.98,overcast clouds
482,Saryg-Sep,RU,51.5,95.6,31.28,84,98,5.5,light snow
483,High Level,CA,58.5169,-117.136,45.1,82,100,9.31,light rain
484,Matadi,CD,-5.8167,13.45,76.53,80,93,5.17,overcast clouds
485,Natal,BR,-5.795,-35.2094,76.51,81,47,13.31,scattered clouds
486,Vardo,NO,70.3705,31.1107,48.0,85,100,21.05,overcast clouds
487,Arroio Grande,BR,-32.2375,-53.0869,57.49,96,1,5.01,clear sky
488,Aklavik,CA,68.2191,-135.0107,32.18,88,98,3.44,overcast clouds
489,Xuanhua,CN,40.6103,115.0447,63.18,76,86,1.14,overcast clouds
490,Emerald,AU,-23.5333,148.1667,77.34,43,0,18.39,clear sky
491,Oeiras Do Para,BR,-2.0031,-49.8544,78.57,77,44,5.21,scattered clouds
492,Puerto Colombia,CO,10.9878,-74.9547,84.29,85,8,17.29,clear sky
493,Norman,US,35.2226,-97.4395,84.96,33,1,9.22,clear sky
494,Paoua,CF,7.2427,16.4406,67.48,98,100,2.89,moderate rain
495,Noyabrsk,RU,63.1994,75.4507,31.3,89,11,8.88,few clouds
496,Livingstonia,MW,-10.606,34.1063,64.11,59,7,1.3,clear sky
497,Pingliang,CN,35.5392,106.6861,60.1,74,100,3.33,light rain
498,Ixhuatan,MX,16.3569,-94.4825,79.83,80,16,6.02,few clouds
499,Riviere-Au-Renard,CA,48.9957,-64.3971,59.29,97,100,22.73,overcast clouds
500,Mildura,AU,-34.2,142.15,70.07,43,90,12.12,overcast clouds
501,Libreville,GA,0.3925,9.4537,78.82,89,40,8.05,light rain
502,Udachnyy,RU,66.4167,112.4,31.48,84,100,15.5,overcast clouds
503,Thetford Mines,CA,46.0913,-71.3013,54.23,71,6,7.49,clear sky
504,Kortkeros,RU,61.8106,51.5806,41.0,93,100,8.57,overcast clouds
505,Baruun-Urt,MN,46.6806,113.2792,49.53,41,0,9.89,clear sky
506,Cayenne,GF,4.9333,-52.3333,83.08,78,67,3.0,broken clouds
507,Brezovo,BG,42.35,25.0833,63.91,62,1,2.57,clear sky
508,Matiri,TZ,-10.75,34.9,60.12,56,6,2.84,clear sky
509,Chapeco,BR,-27.0964,-52.6183,59.74,75,0,3.67,clear sky
510,Villanueva,HN,15.3167,-88.0,81.03,95,100,0.92,overcast clouds
511,Dolinsk,RU,47.35,142.8,62.46,65,100,8.63,overcast clouds
512,Nocupetaro,MX,19.05,-101.15,73.94,87,23,0.76,few clouds
513,Mandurah,AU,-32.55,115.7,61.16,81,37,12.44,scattered clouds
514,Chumikan,RU,54.7183,135.315,51.71,70,100,15.93,overcast clouds
515,Kopavogur,IS,64.1123,-21.913,40.84,81,100,22.48,overcast clouds
516,Keratea,GR,37.8073,23.9769,71.47,47,0,6.82,clear sky
517,Miandrivazo,MG,-19.5167,45.4667,75.97,60,0,4.03,clear sky
518,Banepa,NP,27.6298,85.5214,64.72,100,75,0.0,mist
519,Sochi,RU,43.6,39.7303,57.29,72,98,6.71,overcast clouds
520,Dakar,SN,14.6937,-17.4441,79.68,76,94,7.67,overcast clouds
521,Chingirlau,KZ,51.095,54.0814,51.46,73,100,4.83,light rain
522,Jaffna,LK,9.6685,80.0074,82.45,80,100,23.09,overcast clouds
523,Padang,ID,-0.9492,100.3543,78.26,88,100,3.67,overcast clouds
524,Marystown,CA,47.1666,-55.1483,58.86,100,100,3.0,overcast clouds
525,Comonfort,MX,20.7167,-100.7667,72.21,62,100,5.14,overcast clouds
526,Westport,US,41.1415,-73.3579,68.79,75,3,1.01,clear sky
527,Dayong,CN,25.0209,118.2898,81.19,70,0,1.57,clear sky
528,Tripoli,LY,32.8752,13.1875,76.78,56,100,11.54,overcast clouds
529,Verkhovazhye,RU,60.7472,42.0465,45.91,97,100,6.96,overcast clouds
530,Ornskoldsvik,SE,63.2909,18.7153,45.55,100,90,2.3,fog
531,Porto Seguro,BR,-16.4497,-39.0647,73.42,82,77,8.97,broken clouds
532,Mancora,PE,-4.1078,-81.0475,68.52,79,18,10.78,few clouds
533,Saint Anthony,US,45.0205,-93.218,74.28,73,1,1.01,clear sky
534,Vanimo,PG,-2.6741,141.3028,85.64,64,100,4.43,overcast clouds
535,Campo Gobierno,MX,24.6536,-107.5411,85.71,78,0,6.24,clear sky
536,Tanabe,JP,33.7333,135.3667,74.08,73,94,7.9,overcast clouds
537,Lakselv,NO,70.0513,24.9718,51.62,71,40,14.97,scattered clouds
538,Khorixas,NA,-20.3667,14.9667,65.64,37,4,4.85,clear sky
539,Vangaindrano,MG,-23.35,47.6,66.15,88,34,4.56,scattered clouds
540,Touros,BR,-5.1989,-35.4608,76.87,82,39,15.7,scattered clouds
541,Isabela,PH,6.7085,121.9711,84.74,69,93,2.93,overcast clouds
542,Ponta Delgada,PT,37.7333,-25.6667,70.5,88,75,9.22,broken clouds
543,Galveston,US,29.3669,-94.9669,80.56,76,20,9.22,few clouds
544,Linxia,CN,35.6003,103.2064,56.14,68,100,2.08,overcast clouds
545,Mahina,PF,-17.5065,-149.489,83.97,70,20,16.11,few clouds
546,Muriti,TZ,-1.9833,32.9167,73.06,67,15,4.76,light rain
547,Esso,RU,55.9333,158.7,46.53,61,100,4.54,overcast clouds
548,Dillon,US,34.4166,-79.3712,69.78,46,0,5.35,clear sky
549,Bitlis,TR,38.5,42.25,47.53,50,0,5.5,clear sky
550,Tazovskiy,RU,67.4667,78.7,32.7,78,11,3.24,few clouds
551,Harper,LR,4.375,-7.7169,75.79,86,100,3.38,light rain
552,Buala,SB,-8.145,159.5921,85.14,67,48,5.55,light rain
553,Alice Springs,AU,-23.7,133.8833,85.55,9,46,16.11,scattered clouds
554,Laguna Verde,HN,15.2,-88.1667,71.46,98,100,0.83,overcast clouds
555,San Carlos De Bariloche,AR,-41.1456,-71.3082,34.99,82,17,5.08,few clouds
556,Gwadar,PK,25.1216,62.3254,80.46,79,7,4.0,clear sky
557,Borgarnes,IS,64.5383,-21.9206,41.18,79,100,21.32,overcast clouds
558,Pondicherry,IN,11.93,79.83,82.53,69,100,13.53,light rain
559,Jiazi,CN,22.8779,116.067,81.9,67,1,11.74,clear sky
560,Vanderhoof,CA,54.0166,-124.0198,60.01,65,84,5.41,broken clouds
561,Damaturu,NG,11.747,11.9608,79.2,55,88,10.22,overcast clouds
562,Borshchiv,UA,48.8033,26.0435,52.14,81,20,4.76,few clouds
563,Korhogo,CI,9.45,-5.6333,70.02,88,100,7.4,overcast clouds
564,Miracema Do Tocantins,BR,-9.5618,-48.3967,84.04,49,100,5.26,overcast clouds
565,Kirakira,SB,-10.4544,161.9205,84.9,71,100,11.63,overcast clouds
566,Tocopilla,CL,-22.092,-70.1979,62.78,71,23,5.32,few clouds
567,Praia Da Vitoria,PT,38.7333,-27.0667,68.25,77,75,16.96,broken clouds
568,Uray,RU,60.1247,64.7758,29.26,93,56,7.45,broken clouds
569,Meadow Lake,US,34.8014,-106.5436,72.37,53,100,4.59,overcast clouds
570,Uzhur,RU,55.3036,89.8339,32.77,99,100,7.56,light snow
571,Broome,US,42.2506,-75.833,58.55,69,11,1.99,few clouds
572,Olinda,BR,-8.0089,-34.8553,74.93,78,40,16.11,scattered clouds
573,Ulladulla,AU,-35.35,150.4667,60.76,47,63,8.75,broken clouds
574,Les Cayes,HT,18.2,-73.75,80.29,82,81,3.65,broken clouds
575,Preobrazheniye,RU,42.9019,133.9064,63.77,86,100,3.42,overcast clouds
576,Thanh Hoa,VN,19.8,105.7667,74.53,96,100,4.34,light rain
577,Ahuimanu,US,21.4447,-157.8378,85.78,69,75,18.05,broken clouds
578,Itarema,BR,-2.9248,-39.9167,78.91,83,4,17.47,clear sky
579,Yelizovo,RU,53.1873,158.3805,53.74,54,20,4.47,few clouds
580,Humaita,BR,-7.5061,-63.0208,78.28,72,26,3.06,scattered clouds
581,Chicama,PE,-7.8447,-79.1469,65.16,82,49,4.65,scattered clouds
582,Biltine,TD,14.5333,20.9167,82.78,41,66,5.99,broken clouds
583,Egvekinot,RU,66.3167,-179.1667,26.69,71,9,2.8,clear sky
584,Krosno,PL,49.6887,21.7706,58.28,95,8,3.36,clear sky
585,Makinsk,KZ,52.6292,70.4169,30.27,60,100,22.91,overcast clouds
586,Yumen,CN,40.2833,97.2,62.96,20,0,13.73,clear sky
587,Dir,PK,35.2058,71.8756,64.44,84,37,2.21,scattered clouds
588,Ahipara,NZ,-35.1667,173.1667,57.04,62,100,11.05,overcast clouds
589,Petropavlovsk-Kamchatskiy,RU,53.0452,158.6483,52.39,54,20,4.47,few clouds
590,Kutina,HR,45.475,16.7819,62.58,83,83,1.92,broken clouds
591,Maarianhamina,AX,60.0973,19.9348,40.86,100,69,2.3,fog
592,Fort Frances,CA,48.5999,-93.4003,59.16,68,16,5.46,few clouds
593,Tambongon,PH,10.9677,123.9244,85.15,69,100,2.98,overcast clouds
594,Praia,CV,14.9215,-23.5087,77.54,88,20,9.22,few clouds
595,Mogadishu,SO,2.0371,45.3438,77.79,80,28,16.78,scattered clouds
596,Fare,PF,-16.7,-151.0167,79.56,74,3,12.71,clear sky
597,Sola,VU,-13.8833,167.55,79.0,78,42,15.99,scattered clouds
598,Bakel,SN,14.905,-12.4568,81.23,71,100,7.31,overcast clouds
599,Hirara,JP,24.8,125.2833,83.44,76,10,15.21,clear sky
600,Samarai,PG,-10.6167,150.6667,79.63,85,50,12.82,scattered clouds
601,Srednekolymsk,RU,67.45,153.6833,32.97,81,100,14.7,light snow
602,Matveyev Kurgan,RU,47.5645,38.8695,50.7,73,4,11.14,clear sky
603,Cairns,AU,-16.9167,145.7667,88.95,54,29,12.66,scattered clouds
604,San Rafael,AR,-34.6177,-68.3301,57.0,26,0,8.14,clear sky
605,Qaqortoq,GL,60.7167,-46.0333,32.5,56,1,4.7,clear sky
606,Mehamn,NO,71.0357,27.8492,48.45,88,100,14.5,overcast clouds
607,Kaitong,CN,44.8135,123.15,65.75,60,0,13.09,clear sky
608,Tiarei,PF,-17.5333,-149.3333,84.22,77,5,12.91,clear sky
609,Andijon,UZ,40.7821,72.3442,72.75,71,0,2.3,clear sky
610,Subirana,HN,15.2,-87.45,67.57,95,100,0.74,overcast clouds
611,Powell River,CA,49.8496,-124.5361,57.09,88,90,18.41,mist
612,Isilkul,RU,54.9109,71.2728,31.64,80,48,12.41,scattered clouds
613,Shenjiamen,CN,29.9576,122.298,78.42,82,26,8.57,scattered clouds
614,Cortes,ES,41.9395,-1.4396,60.85,52,100,4.23,overcast clouds
615,Guerrero Negro,MX,27.9769,-114.0611,70.95,71,0,18.39,clear sky
616,Marovoay,MG,-16.1,46.6333,68.14,61,0,5.01,clear sky
617,Beneditinos,BR,-5.45,-42.3667,87.15,33,74,1.9,broken clouds
618,Xichang,CN,27.8964,102.2634,65.41,90,69,1.86,broken clouds
619,Kisangani,CD,0.5167,25.2,66.58,97,41,1.74,scattered clouds
620,Volsk,RU,52.0333,47.3833,50.31,90,100,11.83,overcast clouds
621,Beibei,CN,29.8256,106.4339,76.37,85,100,4.0,overcast clouds
622,Bafia,CM,4.75,11.2333,67.78,99,100,0.67,overcast clouds
623,Huescar,ES,37.811,-2.5412,65.95,49,98,0.6,overcast clouds
624,Seoul,KR,37.5683,126.9778,71.17,60,0,10.36,clear sky
625,Marataizes,BR,-21.0433,-40.8244,71.01,84,100,14.38,overcast clouds
626,Okhotsk,RU,59.3833,143.3,48.92,49,51,4.59,broken clouds
627,Sayyan,YE,15.1718,44.3244,57.96,21,2,3.98,clear sky
628,Mahibadhoo,MV,3.7833,72.9667,79.92,76,100,15.46,overcast clouds
629,Bonavista,CA,48.6499,-53.1147,53.11,89,100,11.63,overcast clouds
630,Launceston,AU,-41.45,147.1667,52.81,73,75,1.99,broken clouds
631,North Platte,US,41.1239,-100.7654,80.38,30,1,1.01,clear sky
632,Mandalgovi,MN,45.7625,106.2708,48.34,29,0,13.51,clear sky
633,Lazaro Cardenas,MX,17.9583,-102.2,81.34,80,100,4.65,overcast clouds
634,Burlington,US,39.8835,-74.6413,66.76,80,1,0.0,clear sky
635,Saedinenie,BG,42.2667,24.55,62.51,58,10,0.89,clear sky
636,Wuwei,CN,37.9281,102.6414,64.87,39,29,2.33,scattered clouds
637,Viborg,DK,56.4532,9.402,59.34,92,100,11.27,overcast clouds
638,Shubarshi,KZ,48.5872,57.1869,53.62,66,100,12.37,overcast clouds
639,Vittoria,IT,36.9537,14.5332,72.75,88,20,2.3,few clouds
640,Kuragino,RU,53.8975,92.6725,33.24,89,100,7.9,overcast clouds
641,Carauari,BR,-4.8828,-66.8958,77.31,81,60,1.39,broken clouds
642,Tubmanburg,LR,6.8708,-10.8172,72.77,99,100,1.86,light rain
643,Meulaboh,ID,4.1363,96.1285,76.3,87,100,3.56,overcast clouds
644,Aswan,EG,24.0934,32.907,78.94,33,0,13.49,clear sky
645,Maracaju,BR,-21.6144,-55.1683,79.18,45,1,4.63,clear sky
646,Makakilo City,US,21.3469,-158.0858,84.61,64,75,6.91,broken clouds
647,Puerto Narino,CO,-3.7703,-70.3831,79.56,71,100,0.98,overcast clouds
648,Matara,LK,5.9485,80.5353,76.73,89,100,18.19,overcast clouds
649,Rafsanjan,IR,30.4067,55.9939,68.31,25,0,8.68,clear sky
650,Khuzdar,PK,27.7384,66.6434,76.75,45,12,0.72,few clouds
651,Aksha,RU,50.2814,113.2867,43.05,54,3,6.89,clear sky
652,Bonfim,BR,3.0833,-59.95,80.78,67,6,4.18,clear sky
653,Darhan,MN,49.4867,105.9228,42.19,60,99,3.4,overcast clouds
654,Cavalcante,BR,-13.7975,-47.4583,76.73,45,68,2.01,broken clouds
655,Anloga,GH,5.7947,0.8973,77.94,86,95,11.5,light rain
656,Sisimiut,GL,66.9395,-53.6735,26.13,51,0,7.2,clear sky
657,Bridlington,GB,54.0831,-0.1919,62.89,83,94,16.73,overcast clouds
658,Lavrentiya,RU,65.5833,-171.0,34.03,82,71,4.45,broken clouds
659,Reutlingen,DE,48.4914,9.2043,60.82,88,99,4.07,overcast clouds
660,Ossora,RU,59.2353,163.0719,49.44,66,63,8.32,broken clouds
661,Marsabit,KE,2.3284,37.9899,62.44,69,28,17.69,scattered clouds
662,Harlingen,US,26.1906,-97.6961,86.32,86,12,12.21,few clouds
663,Volkhov,RU,59.9258,32.3382,47.79,97,60,4.34,broken clouds
664,Pinawa,CA,50.1489,-95.8811,54.82,61,99,4.9,overcast clouds
665,Prince Rupert,CA,54.3161,-130.3201,52.99,92,100,4.74,moderate rain
666,Tselinnoye,RU,53.0833,85.6667,31.1,97,100,9.69,snow
667,Atbasar,KZ,51.8,68.3333,41.23,40,100,26.66,overcast clouds
668,Araouane,ML,18.9048,-3.5265,91.35,8,1,8.08,clear sky
669,Villefranche-De-Rouergue,FR,44.3333,2.0,59.13,91,100,2.66,overcast clouds
670,Ajdabiya,LY,30.7554,20.2263,70.54,66,0,8.84,clear sky
671,Hobyo,SO,5.3505,48.5268,77.29,83,90,22.75,overcast clouds
672,Bonthe,SL,7.5264,-12.505,76.87,88,100,1.79,light rain
673,Plastun,RU,44.7561,136.2939,65.62,68,5,4.7,clear sky
674,Smoky Lake,CA,54.1169,-112.4686,65.48,54,68,5.88,broken clouds
675,Troyes,FR,48.3333,4.0833,59.34,94,0,1.14,clear sky
676,Pemangkat,ID,1.1667,108.9667,78.62,85,100,4.0,overcast clouds
677,Nouadhibou,MR,20.931,-17.0347,72.84,81,11,22.95,few clouds
678,Varkkallai,IN,8.7341,76.7067,74.98,87,100,9.04,light rain
679,Arlit,NE,18.7369,7.3853,85.75,15,0,9.62,clear sky
680,Zhigansk,RU,66.7697,123.3711,36.27,74,87,22.84,overcast clouds
681,Cedar City,US,37.6775,-113.0619,74.37,32,1,14.97,clear sky
682,Newport,GB,51.5877,-2.9984,64.78,91,100,15.55,overcast clouds
683,Port Moresby,PG,-9.4431,147.1797,83.73,73,81,8.79,broken clouds
684,Sydney Mines,CA,46.2367,-60.2177,67.15,96,100,8.99,overcast clouds
685,Altamira,BR,-3.2033,-52.2064,77.81,73,97,3.47,overcast clouds
686,Aktau,KZ,43.65,51.2,64.98,69,69,23.94,broken clouds
687,Brae,GB,60.3964,-1.353,55.31,96,100,15.93,overcast clouds
688,Nabire,ID,-3.3667,135.4833,84.69,68,88,2.04,overcast clouds
689,Diego De Almagro,CL,-26.3667,-70.05,65.7,36,0,1.43,clear sky
690,Vavozh,RU,56.7751,51.931,44.65,93,100,12.93,light rain
691,Vrangel,RU,42.7297,133.0839,64.24,82,100,4.68,overcast clouds
692,Walvis Bay,NA,-22.9575,14.5053,56.08,91,96,7.67,overcast clouds
693,Auka,HN,14.9333,-83.8333,76.19,94,100,2.95,overcast clouds
